ID,HomeWinLossRatio,HomeAverage,HomeRPO,AwayAverage,AwayRPO,NeutralAverage,NeutralRPO,WonTossBattedWinLossRatio,WonTossBattedAverage,WonTossBattedRPO,WonTossFieldedWinLossRatio,WonTossFieldedAverage,WonTossFieldedRPO,LostTossSentInWinLossRatio,LostTossSentInAverage,LostTossSentInRPO,LostTossFieldedWinLossRatio,LostTossFieldedAverage,LostTossFieldedRPO,FirstInningsWinLossRatio,FirstInningsAverage,FirstInningsRPO,SecondInningsAverage,SecondInningsRPO,DayMatchAverage,DayMatchRPO,DayNightMatchAverage,DayNightMatchRPO,NightMatchAverage,NightMatchRPO
56293,1.125,26.17,8.41,23.64,8.14,24.61,7.89,1.307,25.78,8.17,0.6,23.27,8.34,1.666,27.56,8.83,0.764,23.02,7.76,1.454,26.58,8.47,23.14,8.02,20.83,7.44,24.97,8.39,26.08,8.44
56319,1,25,10,22.8,9.67,0,0,0,17.2,8.6,0,16.6,9.76,0,38,11.4,0,35.2,9.6,1,25,10,22.8,9.67,0,0,0,0,0,0
56336,1.075,25.03,8.45,25.06,8.27,23.76,7.82,1,26.22,8.36,0.84,23.91,8.42,1.19,24.61,8.35,1,25.53,8.21,1.097,25.34,8.36,24.65,8.32,26.1,7.89,24.37,8.07,25.1,8.49
56362,0,16.62,6.65,19.26,7.31,0,0,0,12.2,6.1,0,24,7.2,0,23.71,8.3,0,15.37,6.3,1,16.94,7.2,19.07,6.75,13.61,6.2,0,0,23.84,7.75
56370,1.384,26.05,8.42,24.71,8.18,0,0,0.285,23.4,7.96,1.2,22.42,8.24,0.833,26.38,8.43,3.5,35.92,8.43,0.631,25.52,8.3,25.19,8.3,27.23,9.29,23.85,8.24,25.38,8.23
56383,0.666,21.15,8.13,23.76,8.2,0,0,1,21.4,7.98,1,21.56,8.27,1,24.86,8.44,1,20.11,7.5,1,23.7,8.3,21.11,8.02,27.41,8.32,22.53,7.81,21.97,8.33
56386,1,33.75,8.49,23.04,7.94,0,0,0,32.7,8.17,1,17.71,7.4,1,26.46,8.6,0,41.5,8.62,0.333,29.17,8.38,26.36,8.05,0,0,39.55,9.01,24.86,7.95
56402,0.714,23.1,7.81,22.15,7.42,17.91,6.61,0.666,25.06,7.39,1.666,18.84,7.27,0.6,18.77,7.29,1.5,20.8,7.12,0.636,21.84,7.35,19.94,7.18,29.04,8.38,24.83,7.68,18.14,6.85
56407,1.931,27.03,8.49,23.89,8.2,23.17,7.7,1.181,25.14,8.26,1.045,24.66,8.34,0.956,26.04,8.44,0.846,24.84,8.12,1.066,25.57,8.35,24.76,8.23,25.18,8.38,23.03,7.88,26.55,8.5
56441,1.357,27.25,8.11,22.65,7.75,20.29,7.7,0.952,22.55,7.8,1.384,26.1,7.96,0.722,24.86,8.04,1.05,24.31,7.8,0.807,23.92,7.94,25.38,7.9,23.2,8.07,23.47,7.83,25.28,7.93
56450,0.769,24.03,7.94,25.66,8.04,0,0,0.866,27.52,8.22,1.411,22.27,7.74,0.708,24.35,7.9,1.153,26.94,8.25,0.769,25.57,8.03,24.07,7.95,25.05,7.77,26.99,8.23,24.27,7.94
56490,1.789,27.49,8.16,21.89,7.81,0,0,1.187,26.52,8.11,1,22.2,7.92,1,25.82,8.25,0.842,22.81,7.73,1.12,26.28,8.16,22.6,7.8,24.38,8.17,24.75,8.05,23.64,7.76
56539,2,24.85,9.28,21.63,10.29,0,0,1,23.52,10.66,0,16.7,8.86,0,30.54,10.18,1,20.53,9.19,2,26.28,10.43,19,9.07,22.63,9.68,0,0,24.5,11.3
56544,1.703,25.3,8.22,23.17,7.9,21.46,7.69,1.461,24.47,8.12,1.136,24.84,8.11,0.88,25.77,8.22,0.684,20.1,7.53,1.078,25.22,8.18,22.66,7.86,21.63,8.21,26.55,8.22,23.58,7.97
56658,0.933,24.85,8.2,25.2,8.17,21.16,7.58,0.689,23.96,8.08,0.723,22.44,7.89,1.382,25.58,8.35,1.45,27.58,8.16,1.063,24.96,8.25,24.2,7.99,24.68,8.25,23.02,7.53,25.05,8.22
56667,0.2,16.35,6.81,22,8.14,27.43,8.34,1.333,25.52,7.8,0.5,19.42,9.22,2,22.14,10,0.75,19.71,7.18,1.5,24.75,8.16,19.65,7.51,21.3,7.71,0,0,29.58,8.87
56689,1,23.36,7.93,24.57,8.08,26.23,7.97,0.5,20.16,7.46,1.2,23.4,8.06,0.833,25.28,8.12,2,27.11,7.92,0.75,24.06,7.98,24.1,8.03,22.6,7.74,24.77,7.59,26.04,8.52
56691,0.857,23.26,7.86,25.42,7.63,0,0,1.5,27.22,8.03,0,12.85,6.15,0,28.94,8.22,0.666,25.38,7.79,2.25,27.6,8.07,21.35,7.41,23.49,7.72,26.23,7.79,0,0
56747,0.5,20.44,7.57,32.41,8.05,0,0,0,15.32,6.71,0.333,20.48,8.14,3,41,8.71,0,41.16,6.76,1,25.71,7.88,23.83,7.7,0,0,0,0,0,0
56772,0,14.4,7.38,41.8,10.45,0,0,0,41.8,10.45,0,0,0,0,0,0,0,14.4,7.38,0,41.8,10.45,14.4,7.38,0,0,0,0,0,0
56777,2.285,26.77,8.41,21.77,8.02,0,0,1.166,22.62,8.3,1,20.8,7.95,1,27.52,8.42,0.857,26.15,8.16,1.09,24.59,8.35,23.51,8.07,23.45,8.11,41.7,10.42,0,0
56788,1.181,24.11,8.38,21.91,8.11,16.86,7.96,1.482,23.57,8.38,0.848,21.47,8.1,1.178,24.33,8.37,0.674,22.04,8.11,1.282,24.05,8.37,21.68,8.1,22.45,8.1,23.11,8.37,23.9,8.52
56798,0,30.93,8.91,22.25,8.9,0,0,0,0,0,0,36.2,9.56,0,22.22,8.47,0,0,0,0,22.22,8.47,36.2,9.56,29,8.8,23.86,9.06,0,0
56825,0.949,24.7,8.31,23.31,8.27,0,0,0.606,22.33,7.96,0.631,21.65,8.32,1.583,26.09,8.68,1.65,26.63,8.1,1.017,24.34,8.36,23.58,8.22,25.91,8.6,21.44,7.85,25.39,8.52
56831,0.98,23.52,8.12,24.73,8.18,24.03,9.14,0.666,23.94,7.95,1.72,25.74,8.34,0.581,22.89,8.19,1.5,24.11,8.05,0.609,23.24,8.1,25.17,8.24,23.75,7.98,22.59,8.64,27.98,8.65
56869,0.88,25.08,8.34,25.39,8.5,0,0,1.333,27.47,8.56,0.551,23.19,8.32,1.812,27.01,8.67,0.75,23.29,8.1,1.54,27.25,8.61,23.24,8.21,25.64,8.22,24.5,8.57,25.34,8.54
56874,0.901,23.56,8.02,23.8,8.07,0,0,0.896,24.1,7.99,1.285,25.09,8.22,0.777,22.32,8.04,1.115,23.7,7.86,0.824,23,8.02,24.51,8.07,24.11,7.97,23.87,8.06,23.07,8.1
56887,1.207,24.87,8.75,24.94,8.55,0,0,0.56,23.44,8.33,0.95,24.66,8.75,1.052,26.41,8.91,1.785,23.88,8.24,0.857,25.36,8.71,24.4,8.58,26,8.57,23.29,8.47,26.25,8.95
56891,1.285,26.91,8.42,19.72,7.9,0,0,0,15.46,6.7,0.75,22.71,8.05,1.333,23.3,8.49,0,31.25,7.77,1,21.91,8.22,23.36,8.02,22.92,8.07,20.2,8.68,20.75,8.3
56901,0.904,24.55,7.96,23.01,7.8,0,0,1,25.07,8.06,0.842,20.92,7.6,1.187,24.52,7.92,1,25.6,8.01,1.105,24.74,7.98,22.71,7.77,23.42,7.83,20.63,7.81,26.46,8.02
56905,1,24.72,8.09,21.99,7.91,0,0,0.75,24.23,8.13,1.25,21.01,7.65,0.8,20.91,7.9,1.333,29.5,8.4,0.777,22.26,8,24.52,8,0,0,0,0,0,0
56953,0.614,23.3,7.85,26.26,8.14,0,0,0.636,22.49,7.74,1.545,26.23,8.2,0.647,25.39,8.17,1.571,23.78,7.65,0.642,24.27,8.01,25.26,7.99,23.88,7.75,25.43,7.93,24.79,8.22
57078,1,22.75,9.97,42,10.5,0,0,0,37.83,11.35,0,13.7,8.3,0,28.28,9.9,0,74,11.1,0,32.69,10.62,27.61,9.83,0,0,0,0,0,0
57092,1.275,27.22,8.83,23.5,8.48,0,0,1.343,27.19,8.84,0.727,23.95,8.54,1.375,25.9,8.91,0.744,23.77,8.33,1.357,26.61,8.87,23.85,8.42,23.99,8.27,29.21,9.63,26.25,9.02
57100,0.8,23.44,8.03,24.62,8.2,15.88,7.39,0.687,21.5,7.77,0.666,23.42,8.15,1.5,25.16,8.44,1.454,25.44,7.93,1.051,23.5,8.15,24.25,8.05,23.54,7.88,23.7,8.5,24.95,8.53
57112,0.5,19.66,7.22,22.21,7.03,0,0,0,29.2,7.3,0,31.11,7.5,0,16.93,6.77,0,13.8,6.95,0.5,19.85,6.95,22,7.31,0,0,0,0,0,0
57127,1.358,24.97,8.5,23.24,8.17,20.82,8.1,0.948,24.47,8.27,1.282,24.82,8.39,0.78,22.67,8.35,1.054,24.17,8.25,0.853,23.45,8.32,24.51,8.33,23.07,8.31,24.27,8.15,24.75,8.49
57129,0.5,22.21,8.07,24.68,8.45,23.07,7.52,1.611,25.96,8.29,0.558,22.2,8.11,1.789,25.59,8.67,0.62,20.06,7.69,1.702,25.76,8.49,21.13,7.9,24.42,8.16,23.8,8.02,22.5,8.35
57160,2.35,27.31,8.39,20.47,7.68,0,0,1.243,23.41,7.92,1.04,23.7,8.3,0.961,24.14,8.36,0.804,23.1,7.78,1.126,23.69,8.09,23.32,7.96,23.15,7.79,23.55,8.23,24.17,8.34
57182,1,23.18,7.99,24.95,7.57,0,0,0.5,19.78,7.58,0,42.75,9.32,0,24.28,8.5,2,25.26,7.21,0.333,20.83,7.81,28.94,7.76,0,0,0,0,0,0
57207,0.896,25.71,8.21,24.61,8.33,0,0,1.521,27.91,8.41,0.733,22.66,8.14,1.363,25.72,8.41,0.657,24.15,8.1,1.444,26.86,8.41,23.46,8.12,22.75,7.78,26.18,8.65,27.67,8.53
57219,1.616,26.26,8.7,23.11,8.23,24.02,7.67,1.135,24.97,8.26,0.812,23.26,8.59,1.23,25.86,8.73,0.88,24.15,8.04,1.184,25.44,8.51,23.68,8.32,24.78,8.25,24.04,8.6,24.59,8.63
57290,1,21.14,7.49,23.29,7.35,0,0,0,0,0,0,22.84,7.55,0,21.94,7.31,0,0,0,0,21.94,7.31,22.84,7.55,0,0,0,0,0,0
57312,1.525,25.88,8.11,22.4,7.91,0,0,1.457,24.52,8.02,0.852,25.64,8.1,1.172,25.36,8.34,0.686,21.52,7.66,1.328,24.88,8.16,23.1,7.85,22.95,7.88,24.3,7.93,24.72,8.15
57319,0,29,7.56,15.28,6.51,0,0,1,19.95,7.37,1,21,6.23,1,12.86,6.03,1,27.53,7.64,1,17.08,6.9,25.08,7.13,0,0,0,0,0,0
57351,1.673,29.68,9.28,24.09,8.69,0,0,0.576,25.62,8.49,0.64,25.39,8.96,1.562,26.8,9.33,1.733,30.92,8.83,1.12,26.41,9.05,27.02,8.92,27.24,8.86,25.27,9.28,26.04,9.21
57367,0.5,31.89,8.83,31.43,9.27,0,0,1,26.07,8.8,1,28,9.08,1,40.16,9.64,1,38.83,9.11,1,28.63,9,35.5,9.1,0,0,0,0,0,0
57378,0.7,24.82,8.15,28.58,8.55,0,0,0.6,24.06,8.55,2,24.91,7.94,0.5,26.14,7.98,1.666,33.07,8.92,0.545,25.02,8.27,28.7,8.44,27.29,8.41,17.4,7.28,0,0
57424,0.946,26.36,8.43,26.6,8.41,0,0,0.954,23.81,8.08,1.444,28.35,8.64,0.692,26.74,8.62,1.047,26.32,8.09,0.786,25.56,8.41,27.55,8.43,27.04,8.4,23.78,8.5,0,0
57545,0.5,24.64,8.04,26.43,8.64,0,0,0.2,16.87,7.03,1.25,26.14,9.1,0.8,29.71,8.75,5,31.42,7.88,0.5,23.61,8.08,27.86,8.61,25.89,8.31,21.37,8.55,0,0
57851,1.461,29.93,8.47,22.49,8.05,28.41,9.21,1.5,24.78,8.21,1,27.41,8.46,1,26.96,8.54,0.666,22.78,7.6,1.166,26.11,8.41,25.56,8.13,22.46,7.5,25.98,8.32,26.53,8.42
57897,1.145,28.43,8.89,27.08,8.59,21.69,7.14,0.818,30.09,8.59,1.304,27.19,8.58,0.766,27.58,8.77,1.222,24.56,8.3,0.774,27.94,8.74,26.73,8.53,20.23,8.4,27.35,8.27,27.79,8.82
57930,0.666,16.58,7.23,18.72,6.9,0,0,0,106,5.57,0,13.97,6.5,0,21.9,8.21,0,53.5,6.05,4,19.07,7.7,16,6.42,0,0,0,0,0,0
57980,1.428,26.66,8.25,24.16,8.06,21.56,7.69,0.937,24,7.81,1.261,27.35,8.39,0.792,25.05,8.44,1.066,23.9,7.63,0.847,24.64,8.19,25.96,8.09,21.66,7.61,26.09,8.12,26.75,8.4
57986,1.5,24.26,7.74,22.07,7.35,0,0,1.333,26.02,8.19,2,42.22,7.4,0.5,13.64,6.38,0.75,22.4,7.46,1,21.2,7.65,25.77,7.44,0,0,0,0,0,0
57991,1.23,27.96,8.37,27.05,8.32,23.5,7.72,0.736,27.53,8.34,1.757,28.63,8.36,0.568,25.29,8.29,1.357,29.04,8.17,0.61,25.88,8.3,28.75,8.3,23.49,7.85,27.62,8.36,28.82,8.47
57993,0.75,23.64,7.25,26.87,7.59,0,0,0.272,20.76,6.92,2.5,25.83,7.45,0.4,22,7.71,3.666,35.17,7.84,0.312,21.13,7.15,31.71,7.72,0,0,0,0,0,0
58008,1.454,27.44,7.95,22.93,7.74,22.27,7.04,1.121,26.59,7.88,0.739,24.46,7.84,1.352,25.09,8.17,0.891,23.51,7.56,1.2,26.02,7.98,23.86,7.66,20.05,7,29.45,8.24,24.7,7.85
58027,1.2,24.38,7.96,20.6,7.3,0,0,1.8,28.9,8.57,1,19.93,6.93,1,22.14,7.82,0.555,22.31,7.67,1.2,24.09,8.06,20.69,7.17,21.57,7.56,30,8.38,24,7.65
58040,1.041,26.06,8.19,24.64,7.97,20.11,6.58,0.939,22.35,7.58,1.268,26.9,8.38,0.788,26.5,8.34,1.064,23.12,7.31,0.847,24.75,8.04,25.34,7.94,21.93,7.37,25.36,7.77,27.18,8.52
58056,1,25.28,8.2,24.62,7.87,19.27,7.74,2,26.94,8.08,1.083,21.67,7.87,0.923,27.2,8.23,0.5,18.93,7.33,1.066,27.15,8.2,21.08,7.76,18.64,6.71,21.21,7.79,33,9.29
58142,1.016,26.41,8.24,25.46,8.12,25.24,7.99,0.615,25,7.91,0.972,23.72,8.2,1.027,27.07,8.52,1.625,28.25,7.94,0.813,26.1,8.24,25.61,8.08,23.15,7.82,27.22,8.36,26.1,8.17
58150,1.744,25.41,8.17,21.99,7.74,0,0,0.531,21.01,7.37,1.653,24.82,8.26,0.604,22.62,8.03,1.882,27.01,8.03,0.573,21.96,7.76,25.66,8.17,22.75,7.76,23.57,7.92,28.52,9
58162,1.818,25.92,7.75,22.72,7.54,36,9.45,0.548,23.75,7.73,1.333,23.29,7.57,0.75,23.95,7.55,1.823,28.18,8.02,0.666,23.87,7.62,24.99,7.74,20.43,7.07,25.35,7.83,27.93,8.1
58204,0.666,26.46,8.75,27.55,8.32,0,0,0,0,0,0,38.14,9.17,0,20.84,7.97,0,0,0,0,20.84,7.97,38.14,9.17,0,0,27.59,8.02,26.64,8.88
58230,0.933,19.21,6.61,19.23,6.7,0,0,0.8,18.74,6.98,1.857,20.37,6.51,0.538,18.92,6.68,1.25,18.3,6.59,0.611,18.86,6.77,19.65,6.53,18.68,6.52,19.68,7.24,24,7.39
58317,1.388,24.88,8.3,25.23,8.42,0,0,1,24.94,8.07,1.083,25.67,8.68,0.923,25.31,8.54,1,23.91,7.95,0.954,25.16,8.35,24.94,8.37,20.05,7.61,27.35,8.41,27.22,8.78
58324,1.25,27.2,8.32,25.62,8.23,32.56,10.22,0.758,25.2,7.95,1.38,27.14,8.43,0.724,26.58,8.41,1.318,25.67,7.97,0.732,26.23,8.29,26.77,8.32,25.07,7.86,26.47,8.26,27.22,8.55
58461,3,27.53,7.85,20.25,7.14,0,0,1.25,24.14,7.15,0.833,24.08,7.65,1.2,23.12,7.85,0.8,22.07,7.17,1.222,23.56,7.53,23.17,7.43,22.31,7.3,28.47,8.27,32.63,8.97
58516,1.142,22.42,7.46,21.61,7.47,0,0,1.666,19.59,6.98,1.75,23.74,7.69,0.571,22.55,7.6,0.6,18.77,6.96,0.764,21.75,7.44,22.28,7.5,0,0,0,0,0,0
58547,0.755,21.23,7.74,24.24,8.08,0,0,0.812,22.87,7.69,1,21.82,7.9,1,23.7,8.23,1.23,22.03,7.59,0.926,23.39,8.02,21.89,7.79,22.43,7.81,23.74,8.65,22.81,7.82
58585,0.25,15.11,6.66,18.23,7.03,0,0,0,21.46,6.97,0,12.44,6.15,0,20.95,7.72,0,14.27,6.42,0,21.14,7.42,13.14,6.26,0,0,0,0,0,0
58588,0.769,17.58,7,20.05,7.47,16.7,5.76,0.5,16.42,6.74,1.25,17.57,6.81,0.8,18.81,6.88,2,20.25,6.64,0.65,17.69,6.82,18.77,6.73,18.1,6.75,20.46,7.67,0,0
58607,0.363,21.46,8.22,28.4,8.99,21.92,7.46,0.142,24.14,8.4,0.8,20.15,7.46,1.25,22.43,8.05,7,35.21,9.24,0.733,22.95,8.16,23.99,8.04,0,0,0,0,0,0
58650,0.615,19.57,7.4,22.12,7.74,18.24,6.78,2,24.52,7.35,1,22.24,7.63,1,20.06,7.62,0.5,14.81,6.67,1.181,20.95,7.56,19.98,7.39,21.5,7.42,17.73,7.68,0,0
58678,0.818,23.89,7.51,22.12,7.43,22.49,7.82,1,20.51,7.23,1.214,23.55,7.44,0.823,25.49,7.95,1,20.8,7.46,0.892,23.3,7.65,22.35,7.45,0,0,0,0,0,0
58787,0.363,19.66,7.59,24.86,8.18,0,0,0.375,21.69,7.65,1,21.68,8.16,1,17.27,7.9,2.666,26.36,8.04,0.5,20.05,7.72,24.8,8.07,29.51,7.75,20.84,7.92,0,0
58792,0.652,24.26,8.72,24.28,8.8,0,0,0.4,23.55,8.47,0.6,21.95,8.76,1.666,25.5,9.07,2.5,27.47,8.49,1,24.79,8.86,23.7,8.66,26.29,8.86,21.73,8.2,24.73,9.1
58810,1.178,25.15,8.16,22.06,7.76,30.13,8.3,0.888,22.29,7.91,0.933,22.3,7.94,1.071,25.28,8.2,1.125,25.3,7.84,0.968,23.65,8.05,23.77,7.89,24.37,7.97,23.49,8.04,22.84,7.87
58827,0.814,27.18,8.64,28.29,8.63,0,0,0.533,27.14,8.47,1,24.38,8.49,1,28.67,8.76,1.875,31.88,8.8,0.75,28,8.63,27.4,8.64,26.47,8.51,32.74,9.14,39.66,8.92
58831,1.323,26.15,8.45,23.25,8.12,0,0,0.666,23.4,8.02,0.444,20.72,8.08,2.25,27.15,8.81,1.5,28.65,8.21,1.194,25.24,8.42,24.02,8.15,23.73,8.15,24.71,8.29,25.16,8.36
58857,1.066,24.58,8.33,23.8,8.46,0,0,0.875,24.66,8.25,0.333,19.44,7.94,3,29,9.18,1.142,24.38,8.13,1.583,26.77,8.71,21.65,8.03,25.17,8.32,23.6,8.24,24.02,8.47
58865,1.529,27.78,9.32,23.11,8.88,0,0,0.909,29.24,9.37,1,21.52,8.7,1,24.22,9.07,1.1,27.47,9.28,0.954,26.49,9.22,24.14,8.98,25.14,9.1,25.68,9.12,0,0
58871,0.25,29.75,8.63,26.22,9.3,0,0,0,28.36,7.8,0.5,26.1,10.12,2,32.52,9.21,0,24.23,8.21,0.666,30.89,8.65,25.34,9.28,27.5,9.1,28.26,8.83,0,0
58895,0.853,22.97,8.16,24.46,8.21,0,0,1.294,24.29,8.18,1.055,22.5,8.17,0.947,24.02,8.36,0.772,23.97,8.01,1.111,24.16,8.27,23.23,8.09,24.01,8.2,23.32,8.17,0,0
58919,1,22.21,7.84,26.62,7.91,0,0,0.5,19.65,7.53,4,26.17,8.13,0.25,23.84,7.87,2,27.75,7.85,0.333,22.12,7.74,26.73,8.02,23.67,7.91,25.86,7.77,0,0
58956,0.965,24.72,8.06,24.29,7.96,0,0,0.796,21.55,7.73,1.259,26.24,8.21,0.794,26.08,8.3,1.255,24.19,7.73,0.795,23.84,8.03,25.28,7.99,23.32,7.73,23.64,7.78,26.12,8.42
58967,1.075,24.27,7.99,23.43,7.9,0,0,1.457,23.64,8.1,1.377,25.97,7.96,0.725,23.82,7.98,0.686,21.87,7.7,0.989,23.73,8.04,23.96,7.84,22.88,7.39,23.94,7.79,24.34,8.42
58986,1.967,26.44,8.04,21.82,7.69,0,0,0.875,23.5,7.89,1.043,24.36,7.77,0.958,23.64,7.87,1.142,24.51,7.93,0.916,23.58,7.88,24.43,7.85,23.5,7.78,24.49,7.48,24.47,8.16
59006,1.067,25.66,8.2,24.64,8.22,0,0,0.808,24.63,8.03,1.166,25.24,8.34,0.857,25.81,8.35,1.236,24.44,7.98,0.837,25.35,8.22,24.92,8.19,23.77,8.15,24.87,7.76,27.61,8.8
59039,1.076,25.48,7.76,23.16,7.59,16.44,6.24,0.571,17.19,6.58,1.093,20.56,7.07,0.914,22.02,7.3,1.75,22.59,7.18,0.785,20.28,7.06,21.16,7.1,19.82,6.89,24.8,7.99,26.06,7.88
59042,0.974,24.2,7.58,24.19,7.45,21.16,6.68,1.769,26.69,7.73,1.15,24.44,7.46,0.869,23.84,7.47,0.565,21.69,7.28,1.194,25.11,7.59,23.07,7.38,23.74,7.42,23.88,7.5,28.44,8.03
59068,1.465,25.2,7.81,22.54,7.62,20.68,7.25,1.033,24.01,7.61,1.346,23.26,7.71,0.742,22.47,7.65,0.967,23.85,7.64,0.876,23.2,7.63,23.54,7.68,21.41,7.36,23.23,7.61,27.24,8.22
59079,1.326,26.57,8.6,24.8,8.29,24.94,7.77,0.565,25.72,8.37,1.162,25.46,8.31,0.86,24.67,8.29,1.769,28.51,8.42,0.767,24.94,8.31,26.25,8.34,25.41,8.22,25.08,8.24,27.39,8.88
59089,1.122,23.16,7.66,22.14,7.68,22.38,7.67,1.236,22.98,7.72,0.882,20.29,7.5,1.133,24.78,7.93,0.808,22.26,7.52,1.191,23.73,7.81,21.38,7.51,22,7.45,22.46,7.65,24.71,8.37
59098,2.1,26.98,7.78,22.72,7.49,21.98,7.58,1.142,27.14,7.62,1.5,24.75,7.7,0.666,22.24,7.54,0.875,24.94,7.67,0.857,24.24,7.58,24.84,7.69,24.65,7.69,25.73,7.6,20.27,7.3
59120,1.5,27.2,8.28,22.92,8.05,24.32,7.93,0.541,23.03,7.88,0.982,24.57,8.06,1.017,25.12,8.3,1.846,26.49,8.03,0.876,24.6,8.2,25.02,8.05,24.56,8.08,24.67,8.01,26.35,8.94
59135,0.79,24.01,7.66,25.09,7.79,23,7.62,1.117,21.96,7.62,1.2,26.15,7.81,0.833,27.98,7.97,0.894,21.48,7.37,0.951,25,7.82,23.91,7.61,24.11,7.63,24.41,7.92,28.96,8.15
59147,1.128,25.94,7.61,24.04,7.42,0,0,0.6,23.53,7.41,1.263,24.63,7.56,0.791,24.77,7.46,1.666,27.39,7.65,0.693,24.17,7.43,25.86,7.6,23.87,7.31,27.94,7.88,22.25,7.52
59151,0.9,22.49,7.51,23.91,7.78,0,0,1.571,25.87,7.83,0.666,19.8,7.38,1.5,26.58,8.07,0.636,21.26,7.24,1.533,26.25,7.96,20.45,7.31,0,0,0,0,0,0
59159,1.24,22.94,7.42,21.45,7.28,23.58,7.46,0.894,24.16,7.53,0.9,19.36,7.08,1.111,21.8,7.37,1.117,23.24,7.37,0.984,23.06,7.46,21.42,7.24,23.21,7.29,21.61,7.49,19.97,7.09
59168,1,23.9,7.91,27.33,8.15,0,0,0,19.35,7.06,0.5,24,7.81,2,23.96,8.08,0,273,10.3,1,23,7.88,29.65,8.23,26.25,8.11,0,0,21.35,7.47
59172,1.189,23.55,7.86,23.31,7.6,0,0,0.75,24.32,7.56,0.766,20.6,7.42,1.304,24.85,8.03,1.333,25.66,7.89,1.076,24.68,7.87,22.1,7.57,23.99,7.83,23.61,7.44,21.61,7.6
59177,1,22,6.23,20.82,6.59,0,0,0,0,0,0.5,18.23,6.43,2,25.53,6.38,0,0,0,2,25.53,6.38,18.23,6.43,0,0,0,0,0,0
59233,0.937,23.01,7.44,20.36,7.26,0,0,0.75,19.12,7.18,1.125,24.97,7.56,0.888,21.63,7.38,1.333,21.7,7.3,0.823,20.34,7.28,23.27,7.43,0,0,0,0,0,0
59269,0.636,21.98,8.31,27.37,9.01,21.44,7.49,1.75,31.24,8.66,0.7,19.76,7.95,1.428,24.05,8.37,0.571,21.55,8,1.545,26.52,8.48,20.46,7.97,0,0,0,0,0,0
59289,1.625,19.25,7.91,17.96,7.36,0,0,1.076,18.34,7.73,2,19.58,8.11,0.5,17.88,7.52,0.928,18.98,7.39,0.826,18.18,7.65,19.19,7.64,0,0,0,0,0,0
59292,4.375,22.58,7.96,14.67,6.72,0,0,1.222,18.22,7.56,1.875,21.21,7.69,0.533,16.91,7.17,0.818,15.91,6.81,0.791,17.48,7.34,18.48,7.27,0,0,0,0,0,0
59294,2.409,19.64,6.99,14.42,6.39,0,0,0.74,15.43,6.61,1,16.45,6.49,1,17.44,7.07,1.35,18.29,6.66,0.829,16.09,6.77,17.6,6.6,0,0,0,0,0,0
59296,1.2,18.05,7.35,17.16,7.07,0,0,0.88,18.07,7.33,1.08,17.37,7,0.925,17.23,7.3,1.136,17.87,7.2,0.903,17.62,7.32,17.6,7.09,0,0,0,0,0,0
59298,3,22.66,8.61,15.38,7.03,0,0,0,14,6.97,0.4,16.58,7.32,2.5,20.09,8.31,0,29.75,8.48,1,18.2,7.95,19.03,7.62,0,0,0,0,0,0
59300,1.517,19.99,7.43,18.78,7.18,0,0,0.761,18.72,7.37,1.25,20.21,7.35,0.8,18.76,7.26,1.312,20.09,7.24,0.78,18.74,7.31,20.15,7.3,0,0,0,0,0,0
59303,1.27,18.89,7.19,17.76,6.95,12.18,5,0.789,16.48,6.78,1.736,20.13,7.14,0.575,17.49,7.14,1.266,18.59,6.88,0.653,17.09,7,19.49,7.03,0,0,0,0,0,0
59306,1.036,21.28,7.7,20.68,7.74,23.62,7.67,1.159,21.4,7.7,1.351,22.54,7.92,0.74,21.08,7.86,0.862,19.86,7.41,0.936,21.25,7.78,21.09,7.65,20.11,7.68,22.68,7.71,21.42,7.76
59308,2.259,20.27,7.58,16.83,6.98,28.68,7.9,0.818,18.29,7.22,1.083,18.73,7.36,0.923,17.97,7.34,1.222,19.87,7.22,0.875,18.12,7.28,19.22,7.29,0,0,0,0,0,0
59320,0,16.72,7.65,22.71,8.55,0,0,0,0,0,1,18.87,8.27,1,19.81,7.92,0,0,0,1,19.81,7.92,18.87,8.27,0,0,0,0,0,0
59337,2.461,23.39,7.73,17.34,6.81,0,0,1.75,21.66,7.28,0.916,21.2,7.3,1.09,20.74,7.29,0.571,16.95,7.2,1.368,21.18,7.28,18.96,7.25,0,0,0,0,0,0
59350,0.666,15.81,6.58,20.1,7.15,0,0,0.666,16.08,6.7,1.5,23.85,7.57,0.666,14.6,6.69,1.5,20.27,6.86,0.666,15.56,6.69,21.22,7.06,0,0,0,0,0,0
59368,1.1,27.97,9,23.76,8.69,0,0,0.75,21.86,8.06,1,28.46,9.18,1,25.48,9.24,1.333,25.48,8.15,0.909,24.26,8.85,27.5,8.85,26.83,8.47,32.22,10.25,24.07,8.52
59392,0.428,20.42,7.65,30.34,8.5,22.87,7.66,0.969,22,7.62,1.605,25.18,7.98,0.622,23.1,7.89,1.031,21.2,7.08,0.744,22.66,7.78,23.54,7.62,20.87,7.26,23.89,7.88,24.04,7.88
59396,1.142,22.54,7.54,23.51,7.58,24.22,7.63,1.055,24.08,7.62,1.313,24.29,7.64,0.761,23.18,7.74,0.947,24.62,7.35,0.864,23.52,7.7,24.41,7.53,23.48,7.29,28.4,8.53,23.56,7.76
59421,0.979,23.67,8.28,24.58,8.22,0,0,0.666,20.23,7.72,1.31,24.69,8.35,0.763,25.52,8.55,1.5,24.05,7.85,0.732,23.8,8.3,24.5,8.19,22.09,7.84,24.75,8.25,26.06,8.65
59429,1.179,23.82,7.69,20.85,7.55,20.6,7.56,1.812,22.45,7.53,1.115,23.83,7.83,0.896,21.46,7.81,0.551,20.2,7.19,1.222,21.89,7.69,22.05,7.53,22.36,7.55,21.53,7.5,21.91,7.76
59458,1.846,26.05,8.09,22.52,7.92,0,0,0.8,22.87,8.26,0.647,20.61,7.58,1.545,26.75,8.22,1.25,31.53,8.36,1.312,25.67,8.23,22.64,7.77,22.84,7.49,0,0,25.7,8.61
59463,0.2,13.9,6.64,18.66,7.07,15.48,6.16,3,22.73,7.38,0.166,13.06,6.09,6,17.37,6.41,0.333,13.4,6.65,4.5,19.18,6.77,13.19,6.3,17.38,6.82,0,0,15.05,6.38
59475,1.05,23.43,7.43,20.03,7.34,28.42,6.78,0.857,18.8,7.04,1.478,23.27,7.42,0.676,21.82,7.6,1.166,21.19,7.14,0.729,20.81,7.42,22.61,7.33,20.83,7.1,17.42,6.42,24.17,7.96
59480,2,25.78,8.44,18.07,7.53,0,0,0,38.6,9.65,1,17.35,7.11,1,18.27,7.88,0,26.33,7.9,2,22.03,8.38,20.05,7.4,0,0,0,0,0,0
59497,1,19.32,6.95,17.76,6.6,21.98,6.96,1,19.73,6.89,0.562,17.71,6.88,1.777,20.1,7.21,1,19.2,6.32,1.28,19.89,7.03,18.51,6.56,18.96,6.67,18.64,6.57,20.63,7.4
59518,0.833,23.77,7.99,24.64,8.13,26.34,8.32,0.666,25.01,7.89,1.45,24.67,8.28,0.689,23.65,8.18,1.5,25.58,7.93,0.68,24.13,8.07,25.01,8.14,25.07,7.95,24.82,7.53,24.15,8.47
59545,0.707,19.78,7.29,24.04,7.73,25.58,8.35,1.84,24.47,7.93,0.954,20.83,7.29,1.047,22.81,7.62,0.543,19.33,7.26,1.343,23.54,7.76,20.1,7.28,22.15,7.55,0,0,16.88,7.27
59558,1,17.31,6.96,15.66,6.61,0,0,0,18.52,7.1,0,24.16,7.56,0,18,7.2,0,12.71,6.8,3,18.38,7.12,14.73,6.45,0,0,0,0,0,0
208543,0.809,19.73,6.88,21.9,6.95,18.9,7.28,1.187,20.26,6.85,1.625,22.43,7.68,0.615,20.85,7.39,0.842,18.42,6.58,0.931,20.48,7.05,19.85,6.99,20.16,7.07,18.21,6.63,21.91,7.23
208544,1.419,25.19,7.78,21.39,7.53,16.8,6.85,1.25,25.08,7.89,1.178,21.41,7.34,0.848,22.24,7.58,0.8,19.77,7.44,0.955,23.06,7.68,20.89,7.37,22.93,7.54,18.11,6.82,21.96,7.59
236761,1.112,22.7,7.57,22.36,7.54,22.22,7.24,0.808,21.17,7.41,1.187,22.8,7.6,0.841,23.01,7.77,1.236,22.77,7.2,0.829,22.34,7.64,22.79,7.46,22.92,7.53,22.64,7.65,22.11,7.54
247416,3,20.32,7.11,12.25,5.4,0,0,0,19.72,7.15,0,0,0,0,0,0,0,12.52,5.36,0,19.72,7.15,12.52,5.36,0,0,0,0,0,0
247418,1.45,22.88,7.8,22.82,7.67,11.45,4.92,0.833,17.35,6.83,1.21,24.02,7.79,0.826,21.72,7.64,1.2,22.03,7.27,0.827,20.76,7.48,23.62,7.69,22.75,7.77,20.87,7.35,21.72,7.43
269356,1.777,18.88,6.31,17.05,6.17,0,0,0.75,16.82,6.28,1.75,18.04,6.2,0.571,16.45,6.32,1.333,20.81,6.16,0.666,16.65,6.3,19.52,6.17,0,0,0,0,0,0
271204,1.666,30.31,9.22,26.15,9.24,0,0,0,21.12,8.45,2,29.97,9.65,0.5,25.51,9.14,0,54.5,9.12,0.333,24.32,8.96,33.56,9.52,26.53,9,33.39,9.88,0,0
308345,3,34.11,7.94,22.19,7.21,0,0,0,29.1,7.27,0,17.12,6.85,0,22.76,7.4,0,74,8.96,1,25.52,7.33,28.5,7.8,0,0,0,0,0,0
313705,3.2,19.62,7.22,14.6,6.28,0,0,0.428,14.73,6.34,1.75,19.38,7.48,0.571,16.42,6.55,2.333,18.1,6.75,0.5,15.57,6.45,18.78,7.13,0,0,0,0,0,0
343050,0.645,24.42,8.28,26.13,8.17,0,0,1,23.18,7.64,1.058,25.17,8.42,0.944,26.93,8.52,1,23.62,7.68,0.961,25.72,8.24,24.72,8.2,28,8.8,24.05,8.15,24.32,7.98
375326,0.5,18.9,7.25,22.44,7.55,20.27,7.04,0.857,20.33,7.06,0.625,18.5,7.23,1.6,21.58,7.74,1.166,21.71,7.12,1.166,20.95,7.39,19.92,7.18,21.56,7.1,21.58,7.93,18.96,7.14
377285,0.846,25.01,8.03,24.96,8.11,0,0,0.944,26.42,8.02,1.642,27.6,7.96,0.608,23,8.19,1.058,23.62,8.11,0.756,24.53,8.11,25.51,8.03,24.38,7.96,23.18,7.84,29.98,8.77
378262,1,25.3,8.22,19.5,8.03,24.06,7.86,1.8,24.17,8.1,0.5,22.07,7.73,2,27.63,8.24,0.555,21.69,7.37,1.9,25.92,8.17,21.9,7.56,23.77,7.71,0,0,24.28,8.33
379598,0.914,22.96,7.59,21.73,7.23,0,0,0.461,22.25,7.66,2.428,24.08,7.55,0.411,20.26,7.14,2.166,25.19,7.57,0.425,20.8,7.29,24.37,7.55,22.41,7.37,21.93,7.74,0,0
392627,1.4,23.26,7.87,22.16,7.67,22.92,7.54,1.135,22.76,7.44,1.639,24.37,7.72,0.61,22.51,7.71,0.88,21.02,7.23,0.751,22.59,7.62,23.19,7.56,21.17,7.22,22.07,7.44,23.8,7.78
419210,1.2,27.03,8.69,22.88,8.4,19.65,7.66,0.857,21.37,8.22,2,30.07,8.22,0.5,20.58,8.11,1.166,22.26,8.12,0.727,21.13,8.19,24.23,8.15,19.1,7.85,0,0,26.24,8.45
424917,0.888,26.66,8.52,23.66,8.32,0,0,4,26.69,8.67,0.166,23.66,8.22,6,27.79,8.73,0.25,22.86,8.07,4.666,27.13,8.7,23.19,8.13,25.39,8.36,23.16,8.89,0,0
434211,1,24.34,8.28,23.85,8.21,27.64,8.16,1.352,24.89,8.12,0.833,23.31,8.4,1.2,26.92,8.6,0.739,22.46,7.89,1.281,25.83,8.34,22.85,8.12,25.05,8.23,23.17,7.87,24.75,8.53
441704,1.5,20.55,7.23,26.6,7.56,0,0,0,10.4,5.62,0.333,19.16,7.44,3,34.42,8.1,0,26.25,5.52,1.5,26.67,7.68,19.97,7.07,0,0,0,0,0,0
444258,1,24.05,8.12,24.76,8.05,0,0,0.888,25.16,8.23,0.727,19.88,7.68,1.375,25.67,8.37,1.125,28.4,8.01,1.117,25.43,8.31,23.29,7.84,25.18,8.02,24.6,7.7,23.67,8.31
461400,0.375,18.27,7.16,21.89,7.64,21.41,7.83,0.8,21.2,7.42,0,15.66,7.07,0,21.29,7.88,1.25,21.93,7.57,1.8,21.24,7.58,19.3,7.39,20.96,7.45,19.09,7.57,0,0
481147,1.125,20.67,7.5,20.58,7.46,21.73,7.23,0.956,21,7.19,0.647,21.59,7.41,1.545,21.74,7.62,1.045,21.66,7.07,1.147,21.29,7.36,21.63,7.2,0,0,0,0,0,0
485865,1.052,27.1,7.92,24.62,8.21,12.89,6.33,0.545,26.35,8.23,1.3,24.29,8.07,0.769,23.79,7.67,1.833,28.13,8.26,0.666,24.85,7.91,25.78,8.15,25.64,8.08,23.38,7.68,27.3,8.34
491951,0.714,16.67,6.05,19.01,6.94,20.44,7.08,0.909,20.3,6.89,1.25,18.15,6.86,0.8,20.12,6.87,1.1,19.89,7.03,0.857,20.21,6.88,19.05,6.95,0,0,0,0,0,0
499767,0,0,0,0,0,22.91,7.48,1.4,23.65,7.64,2.5,26.13,7.91,0.4,25.04,7.62,0.714,20.81,7.15,1.066,23.95,7.64,21.83,7.31,0,0,0,0,0,0
515435,1.428,18.57,7.13,19.69,7.23,0,0,2.333,22.27,7.68,0.75,16,6.67,1.333,19.73,7.78,0.428,17.48,6.5,1.833,21.2,7.72,16.87,6.56,0,0,0,0,0,0
545380,0.71,23.29,7.73,26.31,8.01,0,0,1.75,28.62,7.54,0.954,23.82,7.97,1.047,26.96,8.42,0.571,19.27,6.86,1.241,27.46,8.12,22.22,7.6,23.19,7.34,24.75,7.17,24.88,8.09
546331,0.333,19,6.87,31.45,7.29,0,0,0,0,0,0,34.75,7.36,0,17.92,6.81,0,0,0,0,17.92,6.81,34.75,7.36,0,0,0,0,0,0
573809,2.5,33,8.15,25.84,7.96,0,0,0,0,0,6,40.64,8.75,0.166,22.78,7.48,0,0,0,0.166,22.78,7.48,40.64,8.75,0,0,0,0,0,0
584781,3,21.09,7.01,17.25,6.03,18.41,6.58,0.714,16.38,6.21,1.2,19.86,6.77,0.833,22.01,6.8,1.4,16.81,6.51,0.769,18.79,6.49,18.19,6.64,0,0,0,0,0,0
601879,0.923,21.8,7.31,25.39,7.4,20.81,7.83,0.833,20.85,7.28,1.111,22.92,7.2,0.9,23.79,7.71,1.2,24.4,7.41,0.875,22.65,7.55,23.46,7.28,21.29,7.18,18.22,7.63,27.19,7.69
680295,0.777,27.96,7.99,26.3,7.73,0,0,1.5,22.15,7.31,0.833,27.71,8.06,1.2,32.62,8.3,0.666,21.5,7.03,1.285,28.74,7.99,25.52,7.72,23.42,7.03,26.23,8.52,35.74,9.38
709715,1.4,25.1,8.44,21,7.98,0,0,3,19.48,7.59,1.222,25.38,8.54,0.818,23.7,8.33,0.333,14.23,6.64,1,22.92,8.2,22.8,8.2,0,0,0,0,0,0
722463,4,31.33,7.77,30.5,7.74,0,0,0,0,0,4,49.53,8.14,0.25,22.45,7.41,0,0,0,0.25,22.45,7.41,49.53,8.14,0,0,0,0,0,0
775615,1.189,24.77,8.02,22.79,7.8,0,0,1.31,26.21,8.15,1,22.38,7.72,1,22.85,7.62,0.763,23.36,8.1,1.152,24.57,7.9,22.9,7.93,0,0,0,0,0,0
805977,0.428,18.44,7.3,23.83,7.62,0,0,1,19.18,7.67,1,21.35,7.2,1,19.76,7.55,1,25.25,7.7,1,19.65,7.57,22.13,7.31,0,0,20.11,7.35,20.92,7.49
806213,1.75,19.41,6.73,19.65,6.69,0,0,0,12.4,6.35,2.333,22.668,7.17,0.428,17.43,6.32,0,32,7.04,0.375,16.81,6.32,23.32,7.15,0,0,0,0,0,0
942501,0,0,0,0,0,24.83,8.89,1,27.32,8.47,0,20.5,10.6,0,29.12,11.65,1,22.64,8.35,1.5,27.69,9,22.12,8.77,0,0,0,0,0,0
950015,0,30.76,8.13,18,6.41,0,0,1,23.83,7.15,0.5,19.88,6.5,2,28,8.81,1,21.61,7.08,1.5,26.27,7.76,20.63,6.75,0,0,0,0,0,0
1053905,0.4,15.36,6.36,22.97,7.25,0,0,1,18.38,5.97,0.666,19,7.29,1.5,20.3,7.42,1,14.41,5.29,1.333,19.72,6.95,17.58,6.66,0,0,0,0,0,0
1070094,1.105,26.1,7.56,21.35,7.27,18.95,6.95,1.333,20.89,7.1,1,24.56,7.55,1,26.47,8.03,0.75,20.64,6.73,1.15,23.65,7.59,22.59,7.15,24.62,7.14,18.35,6.64,24.32,7.92
1095893,0.923,22.18,7.44,22.56,7.43,22.37,7.79,0.653,18.72,7.23,1.5,25,7.78,0.666,22,7.77,1.529,23.19,7.58,0.662,20.81,7.59,24.39,7.72,21.94,7.51,22.88,7.77,23.6,8.08
1120086,1,18.5,7.1,20.53,7.38,0,0,1,13.21,5.76,1.4,25.57,7.99,0.714,19.76,7.67,1,15.86,6.11,0.8,17.48,7.05,22.37,7.45,17.86,6.88,0,0,25.88,8.48
1126475,1.812,29.14,8.56,21.72,8.06,16.2,6.21,0.571,22.06,7.83,0.8,21.39,8.03,1.25,26.55,8.47,1.75,27.6,8.15,0.884,24.42,8.18,23.82,8.09,20.23,8.16,26.32,8.35,23.28,7.97
1145946,0,0,0,0,0,25.64,8.32,1,29.95,8.61,0,16.66,7.69,0,25.13,9.42,1,29,7.79,2,28.05,8.88,23.3,7.75,32.22,9.45,0,0,20.54,7.59
1152683,0.916,20.81,6.96,21.95,7.27,0,0,1.166,23.95,7.76,1,20.47,6.42,1,20.62,6.95,0.857,19.9,7.02,1.09,22.47,7.41,20.12,6.77,0,0,0,0,0,0
1156527,1,26.51,7.7,20.6,7.93,0,0,0,23.66,7.1,4,3925,8.39,0.25,17.37,7.65,0,23.83,7.46,0.2,18.03,7.57,35.04,8.2,22,7.68,18.38,7.01,53,11.04
1169429,0,33.33,10,33.16,9.95,0,0,0,0,0,0,33.33,10,0,33.16,9.95,0,0,0,0,33.16,9.95,33.33,10,0,0,0,0,0,0
1170382,0,55,8.25,11.7,6.56,0,0,0,40.75,8.15,0,12.3,6.25,0,83.5,8.35,0,1101,6.93,0,55,8.25,11.7,6.56,19.57,7.61,0,0,24.16,7.31
1173702,1,21.9,7.88,17.25,7.36,0,0,2,21.9,7.82,0.5,14.83,6.47,2,21.3,8.32,0.5,20,7.8,2,21.58,8.08,17.24,7.13,0,0,0,0,0,0
1207080,1.6,18.46,6.52,19.69,6.38,18.13,5.98,0.416,17.1,6.07,0.5,18.67,6.09,2,18.29,6.41,2.4,20.62,6.22,0.812,17.59,6.21,19.73,6.16,0,0,0,0,0,0
1285698,1.5,27.62,7.77,23.72,7.58,0,0,4,28.8,7.49,4,28.27,8.39,0.25,27.1,8.13,0.25,19.27,6.67,1,27.89,7.81,23.48,7.54,0,0,0,0,0,0
1287205,0.25,16.85,5.66,34.11,7.98,0,0,1,22.71,7.43,0,19.9,5.47,0,43.75,8.75,1,22.89,6.01,1.5,25.51,7.69,22.2,5.89,0,0,0,0,0,0
1290799,0.647,18.27,7.33,23.33,7.9,0,0,0.8,18.96,6.75,0.583,17.84,7.37,1.714,24.75,8.41,1.25,20.2,7.32,1.333,22.76,7.86,18.51,7.35,20.46,7.41,23.4,8.92,20.68,8.37
1377972,0,0,0,0,0,17.09,7.01,5,30.71,8.95,1.5,15.1,6.61,0.666,16.21,6.98,0.2,11.69,5.47,1.285,20.44,7.73,13.47,6.08,0,0,0,0,0,0
1381196,0.583,24.13,8.55,28.98,8.49,14.96,6.02,1,26.33,7.9,1.375,26.9,8.36,0.727,23.24,8.34,1,27.76,8.04,0.75,23.59,8.28,27.01,8.31,22.2,6.83,0,0,25.34,8.44
1417066,0,13.75,5.5,37,6.05,15.66,5.74,1,11.87,4.85,2,23.53,6.15,0.5,13.15,5.83,1,17.18,5.2,0.6,12.85,5.58,21.74,5.91,0,0,0,0,0,0
1447330,0,44,11.15,12.7,6.4,0,0,0,0,0,0,44,11.15,0,12.7,6.4,0,0,0,0,12.7,6.4,44,11.15,0,0,0,0,0,0